mediaTitle,actorId

Matrix,100
Matrix,101
Matrix,102

Breaking Bad,103
Breaking Bad,104

Avengers,105
Avengers,106

Dexter,107
Dexter,108

Inception,109
Inception,110

Interstellar,111
Interstellar,112

Titanic,109
Titanic,113

The Dark Knight,114
The Dark Knight,115

Stranger Things,116
Stranger Things,117

Friends,118
Friends,119

The Office,120
The Office,121

Game of Thrones,122
Game of Thrones,123

Narcos,124
Narcos,125

The Witcher,126
The Witcher,127

Joker,128

Gladiator,129

The Godfather,130

Shrek,131
Shrek,132

Toy Story,133
Toy Story,134

La La Land,135
La La Land,136

Breaking Bad El Camino,103
Breaking Bad El Camino,104

Peaky Blinders,137

House of Cards,138
House of Cards,139

Spider-Man,140
Spider-Man,141